Date,CDI,S&P500 (BRL),Ibovespa
2021-04-19,1.0,1.0,1.0
2021-04-20,1.00010379,0.9926485559721986,0.9927894554054277
2021-04-22,1.0002075907723642,0.9746870841578174,0.9870755949526188
2021-04-23,1.0003114023182105,0.9894695252900565,0.9966593348437991
2021-04-26,1.000415224638657,0.9835088654991525,0.9971968180991284
2021-04-27,1.0005190577348224,0.9874826386930885,0.9872161674963204
2021-04-28,1.0006229016078247,0.9696006593203766,1.0009840078059107
2021-04-29,1.0007267562587827,0.9715875459173446,0.9928225312980634
2021-04-30,1.0008306216888148,0.9815219789021845,0.9831312947558172
2021-05-03,1.00093449789904,0.9830717480224209,0.9857360213008749
2021-05-04,1.001038384890577,0.9783429482200423,0.973357368481982
2021-05-05,1.0011422826645449,0.9636399995294727,0.988671506772289
2021-05-06,1.0012751242340319,0.9584740822503625,0.991623530190021
2021-05-07,1.0014079834302665,0.9551361273198483,1.00912894636744
2021-05-10,1.001540860255588,0.9437711335597928,1.0080622488299402
2021-05-11,1.0016737547123353,0.9374130721955085,1.0167860155125936
2021-05-12,1.0018066668028482,0.9338367005749529,0.9898787768534903
2021-05-13,1.0019395965294664,0.9392013186407532,0.9981146741197678
2021-05-14,1.00207254389453,0.9497317933506968,1.0078307175814907
2021-05-17,1.0022055089003794,0.9493343917773164,1.0165710222104618
2021-05-18,1.0023384915493554,0.9372144320437852,1.0169183190831363
2021-05-19,1.002471491843799,0.9437711335597928,1.0140737923164702
2021-05-20,1.0026045097860519,0.9457580201567608,1.0146112755717995
2021-05-21,1.0027375453784555,0.9616531129325047,1.013709957497478
2021-05-24,1.0028705986233517,0.9636399995294727,1.025617278846313
2021-05-25,1.003003669523083,0.963361806301113,1.0169844708684075
2021-05-26,1.003136758079992,0.9596662263355367,1.0252617130004795
2021-05-27,1.0032698642964217,0.9560898547149811,1.0283873848545488
2021-05-28,1.0034029881747155,0.9493343917773164,1.038260538806291
2021-05-31,1.0035361297172163,0.9457580201567608,1.043676716225379
2021-06-01,1.0036692889262686,0.9318498139779849,1.06063638017431
2021-06-02,1.0038024658042162,0.9254917526137005,1.0716671903683002
2021-06-04,1.0039356603534038,0.920763013446289,1.0760084012767295
2021-06-07,1.004068872576176,0.919769570147805,1.0813832338300229
2021-06-08,1.0042021024748782,0.9198092860511563,1.0732052193758579
2021-06-09,1.0043353500518557,0.921915380993145,1.0741974961549274
2021-06-10,1.004468615309454,0.9302603289543973,1.0755949526187838
2021-06-11,1.0046018982500193,0.9433737319864124,1.070344154662874
2021-06-14,1.0047351988758983,0.9334392990015725,1.0766864570757604
2021-06-15,1.0048685171894371,0.9254917526137005,1.0757189872161674
2021-06-16,1.0050018531929832,0.9250944116752872,1.0688392015479518
2021-06-17,1.0051640303420328,0.9147625771170669,1.0588998958109381
2021-06-18,1.0053262336616093,0.9115835464349247,1.06177749847024
2021-06-21,1.0054884631559353,0.9139678346052731,1.0688888153869052
2021-06-22,1.005650718829235,0.9139281187019218,1.0647708667537665
2021-06-23,1.0058130006857324,0.9060202882174011,1.061967684852895
2021-06-24,1.005975308729653,0.9008543709382909,1.0709477897034747
2021-06-25,1.006137642965223,0.9084045763877494,1.0522764483106488
2021-06-28,1.0063000033966683,0.9127756905200989,1.0537069806671409
2021-06-29,1.0064623900282164,0.9127756905200989,1.0528635454049315
2021-06-30,1.0066248028640954,0.923902267590113,1.0485223344965022
2021-07-01,1.0067872419085335,0.9386052162806826,1.039128780987977
2021-07-02,1.0069497071657603,0.9461554217301412,1.055302892486811
2021-07-05,1.0071121986400058,0.9505265358624906,1.049498073329254
2021-07-06,1.0072747163355003,0.9743691750261064,1.0344071973142375
2021-07-07,1.0074372602564754,0.9892708245033662,1.0503167016719863
2021-07-08,1.007599830407163,0.9815219789021845,1.0371607653761556
2021-07-09,1.007762426791796,0.9815219789021845,1.0371607653761556
2021-07-12,1.0079250494146073,0.9815219789021845,1.0550713612383613
2021-07-13,1.0080876982798315,0.9795350923052165,1.0598177518315774
2021-07-14,1.0082503733917028,0.9624876319826167,1.061794036416558
2021-07-15,1.008413074754457,0.9628452570176789,1.0540294706203384
2021-07-16,1.0085758023723304,0.9592688247621564,1.0415598590966975
2021-07-19,1.0087385562495592,0.9628452570176789,1.0286189161029984
2021-07-20,1.0089013363903814,0.9790979748284849,1.036937503100865
2021-07-21,1.0090641427990346,0.9789390505801129,1.041303520928771
2021-07-22,1.009226975479758,0.9889529153716553,1.043106157077414
2021-07-23,1.0093898344367913,0.992052453612128,1.0340599004415632
2021-07-26,1.0095527196743745,0.989390032848387,1.0419236939156895
2021-07-27,1.0097156311967483,0.9890721237166761,1.0304132832784825
2021-07-28,1.0098785690081546,0.9722630800841177,1.0442555443465031
2021-07-29,1.0100415331128356,0.9715875459173446,1.0392032017464072
2021-07-30,1.0102045235150339,0.9948341433558568,1.0071691997287777
2021-08-02,1.0103675402189938,0.9894695252900565,1.0130815155374007
2021-08-03,1.0105305832289588,0.9926485559721986,1.0218548960590075
2021-08-04,1.0106936525491745,0.988396589549903,1.0071691997287777
2021-08-05,1.0108950837941275,0.9986092157631026,1.0057800122380802
2021-08-06,1.0110965551843276,1.0073515046627683,1.0155125936461211
2021-08-09,1.011298066727776,1.004291682325647,1.0172408090363338
2021-08-10,1.0114996184324747,0.9966223291661346,1.0104850579655018
2021-08-11,1.0117012103064285,1.0057620196391808,1.0092777878843004
2021-08-12,1.0119028423576424,1.012914762880292,0.9980733292539733
2021-08-13,1.0121045145941243,1.0128750469769408,1.0021499330213175
2021-08-16,1.012306227023883,1.0212597108415442,0.9854962210792664
2021-08-17,1.0125079796549288,1.0115239786433945,0.9749450113284932
2021-08-18,1.0127097724952743,1.0192728242445763,0.9645178361751038
2021-08-19,1.0129116055529326,1.0347308601785554,0.9688342401640564
2021-08-20,1.0131134788359193,1.032346572008207,0.9761770883291713
2021-08-23,1.013315392352251,1.0454599750402223,0.9713728149238428
2021-08-24,1.013517346109947,1.0238426391636157,0.9940215324061058
2021-08-25,1.0137193401170266,1.0121200203684981,0.999040799113566
2021-08-26,1.013921374381512,1.0151401268022682,0.981725569318802
2021-08-27,1.0141234489114264,1.0151003502639502,0.9978831428713182
2021-08-30,1.0143255637147943,1.0172859376476082,0.9901268460482577
2021-08-31,1.0145277187996429,1.0093383912597362,0.98219690078886
2021-09-01,1.0147299141739996,1.019233047706258,0.9872823192815916
2021-09-02,1.0149321498458945,1.014106906965466,0.9647989812625068
2021-09-03,1.0151344258233588,1.0192728242445763,0.9669158383911886
2021-09-06,1.0153367421144253,1.0182793809460922,0.9746555972679313
2021-09-08,1.0155390987271287,1.039141690214256,0.9378090528718144
2021-09-09,1.0157414956695048,1.0172859376476082,0.9539170125853772
2021-09-10,1.0159439329495918,1.0172859376476082,0.9450278664395455
2021-09-13,1.0161464105754288,1.0047685763406968,0.9625415515901236
2021-09-14,1.0163489285550564,1.0093383912597362,0.9606975705756859
2021-09-15,1.0165514868965175,1.015895092775744,0.9514528585840211
2021-09-16,1.016754085607856,1.0186767825194727,0.9409595316453603
2021-09-17,1.0169567246971176,1.0114047702983737,0.9214860998561198
2021-09-20,1.01715940417235,1.0030995382404726,0.9000281145087403
2021-09-21,1.0173621240416015,0.9931253893522816,0.9116542907701721
2021-09-22,1.017564884312923,1.0054043339691516,0.9284568442290836
2021-09-23,1.01780591490707,1.022054513988305,0.9431921543982669
2021-09-24,1.018047002594134,1.0292072572294162,0.9367340863611556
2021-09-27,1.0182881473876384,1.0307967422530038,0.9392147783088296
2021-09-28,1.01852934930111,1.0186767825194727,0.9106124001521491
2021-09-29,1.018770608348079,1.0205444607714198,0.9187408007673608
2021-09-30,1.0190119245420783,1.0133121644536722,0.9176823722030198
2021-10-01,1.0192532978966444,1.0093383912597362,0.933567069641292
2021-10-04,1.0194947284253173,1.0100536413298606,0.9128367539318968
2021-10-05,1.0197362161416395,1.028015173779209,0.9133742371872261
2021-10-06,1.019977761059157,1.033340015306691,0.9142176724494352
2021-10-07,1.020219363191419,1.0478840397488887,0.914424396778408
2021-10-08,1.020461022551978,1.0451421265434782,0.9330130484396447
2021-10-11,1.02070273915439,1.0472878767538512,0.9276134089668745
2021-10-13,1.0209445130122132,1.0393801069042976,0.9381646187176477
2021-10-14,1.0211863441390105,1.0559110179434632,0.9359237269915822
2021-10-15,1.0214282325483466,1.057023669586968,0.9480212347230721
2021-10-18,1.0216701782537905,1.072123959215951,0.9462020606281112
2021-10-19,1.0219121812689134,1.0888536316767738,0.9151520664163925
2021-10-20,1.0221542416072904,1.0927478517940734,0.9160864603833496
2021-10-21,1.0223963592824998,1.1126564943020716,0.8908578232755057
2021-10-22,1.0226385343081232,1.1082058877280527,0.8789587708998297
2021-10-25,1.0228807666977449,1.0987482881232957,0.8989614169712405
2021-10-26,1.0231230564649525,1.104629516107497,0.8799841235715349
2021-10-27,1.023365403623337,1.0935824314791525,0.8795127921014768
2021-10-28,1.0236647994058212,1.120206639116563,0.874071807762912
2021-10-29,1.0239642827795357,1.1245778138838793,0.8558469909206675
2021-11-01,1.0242638537701056,1.1285515870778153,0.8727983858964394
2021-11-03,1.024563512403165,1.1257698973340866,0.8733441381249276
2021-11-04,1.0248632587043536,1.136101731892307,0.8551110523095242
2021-11-05,1.0251630926993203,1.1243791737321562,0.8667868424099096
2021-11-08,1.0254630144137205,1.1284323787327948,0.8664312765640763
2021-11-09,1.0257630238732176,1.1126564943020716,0.8726660823258968
2021-11-10,1.026063121103482,1.1065368496278287,0.8762465477037061
2021-11-11,1.0263633061301922,1.0884164535650753,0.8907751335439165
2021-11-12,1.0266635789790337,1.1051857812942825,0.8790910744703723
2021-11-16,1.0269639396756998,1.1166700440343258,0.864173846891693
2021-11-17,1.0272643882458914,1.1244188290005406,0.8512494418443117
2021-11-18,1.0275649247153167,1.1312537237449076,0.8477682041444093
2021-11-19,1.0278655491096915,1.138128395027593,0.851993649428614
2021-11-22,1.028166261454739,1.1352672734771618,0.8444440769345263
2021-11-23,1.0284670617761904,1.134313606716996,0.8571865645724114
2021-11-24,1.028767950099784,1.1373335918808325,0.8642234607306465
2021-11-25,1.0290689264512654,1.1345122468687194,0.8749483189177568
2021-11-26,1.029369990856388,1.1092787628332392,0.8452875121967354
2021-11-29,1.0296711433409131,1.1285515870778153,0.8501662063604941
2021-11-30,1.029972383930609,1.1148420210507628,0.8427323994906313
2021-12-01,1.0302737126512518,1.1086827211081356,0.8333057700894703
2021-12-02,1.0305751295286252,1.1166302674960076,0.8638265500190186
2021-12-03,1.03087663458852,1.109080122681516,0.8688210098070022
2021-12-06,1.0311782278567354,1.128631018884518,0.8836142027882977
2021-12-07,1.0314799093590774,1.1408305316946854,0.889394215026378
2021-12-08,1.0317816791213594,1.1285515870778153,0.8938429225858733
2021-12-09,1.0321402129370374,1.1250546472639624,0.8789174260340351
2021-12-10,1.0324988713396308,1.1413471416130865,0.8910480096581607
2021-12-13,1.0328576543724326,1.1444466798535593,0.8879471447235683
2021-12-14,1.0332165620787506,1.1391616148643953,0.8827955744455653
2021-12-15,1.0335755945019072,1.1558911660552842,0.8878396480725024
2021-12-16,1.0339347516852406,1.1537850711132955,0.8948021234723073
2021-12-17,1.0342940336721038,1.1394396868228212,0.886442191608646
2021-12-20,1.0346534405058645,1.137413144957469,0.8684075611490565
2021-12-21,1.0350129722299057,1.1575600828855743,0.8723766682653348
2021-12-22,1.035372628887626,1.1532684611948945,0.8702598111366531
2021-12-23,1.0357324105224384,1.1626862842613332,0.8673408636115567
2021-12-24,1.0360923171777707,1.1626862842613332,0.8673408636115567
2021-12-27,1.0364523488970667,1.1705146223041845,0.8726330064332611
2021-12-28,1.036812505723785,1.1684085273621958,0.867117601336266
2021-12-29,1.037172787701399,1.183190968494435,0.8608579886549689
2021-12-30,1.0375331948733972,1.1665408491102485,0.8667703044635917
2021-12-31,1.0378937272832838,1.1665408491102485,0.8667703044635917
2022-01-03,1.0382543849745776,1.180210638598983,0.8593282286205699
2022-01-04,1.0386151679908124,1.1784223921537382,0.8559544875717333
2022-01-05,1.0389760763755376,1.1666998339935875,0.8352159028891792
2022-01-06,1.0393371101723174,1.1575600828855743,0.839805182992376
2022-01-07,1.0396982694247312,1.144248039701836,0.8493806539103974
2022-01-10,1.0400595541763735,1.1444466798535593,0.8429804686853987
2022-01-11,1.0404209644708542,1.140075505086243,0.8581457654588454
2022-01-12,1.0407825003517983,1.133796996798595,0.8739146972728926
2022-01-13,1.0411441618628454,1.1206040406899436,0.8726247374601022
2022-01-14,1.0415059490476513,1.1138485777522789,0.8841847619362627
2022-01-17,1.0418678619498858,1.1166302674960076,0.8822332842707593
2022-01-18,1.0422299006132347,1.104470531224158,0.880827558833744
2022-01-19,1.042592065081399,1.072123959215951,0.8931565978136835
2022-01-20,1.0429543553980942,1.0542419798432392,0.9021615095837399
2022-01-21,1.0433167716070515,1.0371548036172882,0.9008384738783138
2022-01-24,1.043679313752017,1.0423206602614312,0.8909983958192071
2022-01-25,1.044041981876753,1.0284124540826554,0.9083053566408124
2022-01-26,1.0444047760250352,1.0196702258179566,0.9225941422594143
2022-01-27,1.0447676962406562,1.0095370920464264,0.9287297203433278
2022-01-28,1.0451307425674228,1.0294058973811393,0.9218085898093175
2022-01-31,1.0454939150491578,1.0347705154469398,0.9293333553839285
2022-02-01,1.0458572137296982,1.0332208069616704,0.9356095060115435
2022-02-02,1.0462206386528972,1.0411285768112242,0.9274562984768552
2022-02-03,1.0466408845590311,1.03516791702032,0.9236112259579605
2022-02-04,1.047061299269541,1.0339758335701128,0.9281508922222038
2022-02-07,1.0474818828522314,1.0244386808887194,0.9260919179056345
2022-02-08,1.0479026353749354,1.0331810304233522,0.9280599335174557
2022-02-09,1.0483235569055127,1.0411285768112242,0.929936990424529
2022-02-10,1.0487446475118505,1.0252334840354802,0.9373625283212331
2022-02-11,1.049165907261863,1.0053646180658002,0.9391238196040815
2022-02-14,1.049587336223492,0.9934432984839924,0.9410670282964262
2022-02-15,1.0500089344647061,0.9990065567015161,0.948120462400979
2022-02-16,1.050430702053502,0.9924101392821572,0.9524285974167728
2022-02-17,1.0508526390579027,0.9803696113553285,0.9387599847850894
2022-02-18,1.0512747455459595,0.9672163711500282,0.9324755651843154
2022-02-21,1.0516970215857504,0.9437711335597928,0.923851026179569
2022-02-22,1.0521194672453809,0.9393999587924765,0.9335009178560206
2022-02-23,1.052542082592984,0.921915380993145,0.9261911455835414
2022-02-24,1.0529648676967198,0.9457580201567608,0.9227512527494336
2022-02-25,1.0533878226247761,0.9755613191112805,0.9355681611457489
2022-03-02,1.053810947445368,0.968011174296789,0.9523707146046604
2022-03-03,1.054234242226738,0.9513212783742844,0.9523045628193891
2022-03-04,1.0546577070371554,0.9501291949240771,0.9465824333934212
2022-03-07,1.055081341944918,0.929862927381017,0.9227595217225925
2022-03-08,1.0555051470183505,0.9155573196288607,0.9195346221906163
2022-03-09,1.0559291223258047,0.929862927381017,0.941836042800205
2022-03-10,1.0563532679356604,0.9274786392106685,0.9398762961615427
2022-03-11,1.0567775839163247,0.9272799990589453,0.9237517985016621
2022-03-14,1.0572020703362321,0.9314524124046045,0.9089916814130021
2022-03-15,1.0576267272638449,0.9543016082697363,0.9009790464220153
2022-03-16,1.0580515547676521,0.9656268861264407,0.9187821456331553
2022-03-17,1.058514335937192,0.9640374011028531,0.9350224089172606
2022-03-18,1.0589773195225878,0.9715875459173446,0.9535035639274315
2022-03-21,1.059440505612374,0.959070184610433,0.9604825772735541
2022-03-22,1.0599038942951238,0.9642360412545763,0.9697190202920601
2022-03-23,1.0603674856594496,0.937015731257095,0.9712487803264591
2022-03-24,1.0608312797940025,0.9437711335597928,0.9844460614880844
2022-03-25,1.0612952767874715,0.9356248863852307,0.984677592736534
2022-03-28,1.0617594767285856,0.946950164241935,0.9818413349430267
2022-03-29,1.062223879706112,0.9562884948667043,0.9923925446937999
2022-03-30,1.0626884858088568,0.9559308698316422,0.9944267120908925
2022-03-31,1.063153295125665,0.9364196288970245,0.9922685100964163
2022-04-01,1.06361830774542,0.9218756650897937,1.0052590669290689
2022-04-04,1.064083523757045,0.9174647744191261,1.0028610647129839
2022-04-05,1.0645489432495012,0.915954721202241,0.9830568739973871
2022-04-06,1.0650145663117891,0.919928494396177,0.977624158631981
2022-04-07,1.0654803930329482,0.925889154187081,0.982866687614732
2022-04-08,1.065946423502057,0.9180608161442297,0.9784014421089189
2022-04-11,1.066412657808233,0.8984701434029095,0.9670812178543668
2022-04-12,1.0668790960406316,0.8921120820386252,0.9604164254882829
2022-04-13,1.0673457382884488,0.9036360000470527,0.9656672234441926
2022-04-14,1.067812584640919,0.894893711147387,0.9607058395488448
2022-04-18,1.0682796351873152,0.8881780247480405,0.9566126978351829
2022-04-19,1.06874689001695,0.9026425567485687,0.9514032447450675
2022-04-20,1.0692143492191746,0.8960858552325611,0.9455074668827625
2022-04-22,1.0696820128833797,0.8901251954416572,0.9185010005457522
2022-04-25,1.0701498810989947,0.9078879664693483,0.9152512940942994
2022-04-26,1.0706179539554888,0.9036360000470527,0.8948103924454661
2022-04-27,1.0710862315423693,0.9020465150234651,0.9042039459539915
2022-04-28,1.0715547139491837,0.921915380993145,0.9089172606545719
2022-04-29,1.072023401265518,0.8905225970150376,0.8920237484909124
2022-05-02,1.0724922935809977,0.9147625771170669,0.8817950286933368
2022-05-03,1.072961390985287,0.9010530717249812,0.8808771726726975
2022-05-04,1.0734306935680902,0.917941607799209,0.8958936279292837
2022-05-05,1.0739382008657021,0.9060202882174011,0.8707559495261878
2022-05-06,1.0744459481076893,0.9105901031364407,0.8693584930623315
2022-05-09,1.074953935407495,0.8940989686355932,0.8537714786577802
2022-05-10,1.0754621628786163,0.8921120820386252,0.8526138224155324
2022-05-11,1.0759706306346035,0.8811842057553013,0.8632559908710536
2022-05-12,1.0764793387890612,0.8766938226429642,0.8739312352192105
2022-05-13,1.0769882874556471,0.8831710923522693,0.8841516860436271
2022-05-16,1.0774974767480732,0.8819392323637438,0.8949757719086444
2022-05-17,1.0780069067801048,0.8816213232320329,0.8995733209850001
2022-05-18,1.0785165776655612,0.8503874635022975,0.878553591215043
2022-05-19,1.0790264895183157,0.8384661439204896,0.8848214728694991
2022-05-20,1.0795366424522947,0.830081480055886,0.8970843600641673
2022-05-23,1.0800470365814796,0.8332605107380282,0.9124481121934278
2022-05-24,1.080557672019905,0.8342936699398634,0.9143913208857724
2022-05-25,1.0810685488816592,0.8352871132383475,0.9143830519126135
2022-05-26,1.0815796672808846,0.8414464738159416,0.9252154067507897
2022-05-27,1.0820910273317783,0.8583350098901694,0.9256453933550531
2022-05-30,1.0826026291485904,0.8598847790104058,0.9181206277804422
2022-05-31,1.0831144728456252,0.8523743500992655,0.9207584302181355
2022-06-01,1.083626558537242,0.8593284531886535,0.9208328509765658
2022-06-02,1.0841388863378525,0.8716471743438418,0.929374700249723
2022-06-03,1.084651456361924,0.8557520815680979,0.9186994559015661
2022-06-06,1.0851642687239773,0.8613153397856215,0.9111250764880017
2022-06-07,1.085677323538587,0.8821776490537853,0.9101658756015678
2022-06-08,1.0861906209203829,0.877806474286469,0.8960920832850977
2022-06-09,1.0867041609840475,0.8662825562780414,0.8855574114806424
2022-06-10,1.0872179438443192,0.8454202470098776,0.8722195577753155
2022-06-13,1.0877319696159893,0.8344923707265537,0.8483801081581689
2022-06-14,1.088246238413904,0.8334989274280696,0.8439562075181504
2022-06-15,1.0887607503529637,0.8305185975326177,0.8501083235483817
2022-06-17,1.0892946459621144,0.8245579377417137,0.8254502455885028
2022-06-20,1.0898288033776549,0.8384661439204896,0.8256817768369524
2022-06-21,1.0903632227279674,0.8444268037113936,0.8242925893462549
2022-06-22,1.0908979041414963,0.8485992776920197,0.8229447467213521
2022-06-23,1.0914328477467503,0.864891711406177,0.8110208874261994
2022-06-24,1.0919680536723,0.8960858552325611,0.815916119536276
2022-06-27,1.0925035220467791,0.888933051356483,0.8332148113847222
2022-06-28,1.0930392529988853,0.8762169892628813,0.8317842790282303
2022-06-29,1.0935752466573785,0.8642956696810734,0.8237716440372435
2022-06-30,1.094111503151082,0.8611166389989312,0.8148411530256173
2022-07-01,1.0946480226088822,0.9020465150234651,0.8182479699670895
2022-07-04,1.095184805159729,0.88611170634437,0.8153951742272645
2022-07-05,1.0957218509326352,0.9000596284264971,0.8127987166553657
2022-07-06,1.0962591600566771,0.906656106480823,0.8163047612747449
2022-07-07,1.0967967326609942,0.9082058756010593,0.8329336662973192
2022-07-08,1.0973345688747893,0.894893711147387,0.8292870491342386
2022-07-11,1.0978726688273286,0.9020465150234651,0.812112391883176
2022-07-12,1.0984110326479415,0.9054242464922975,0.8126002612995519
2022-07-13,1.0989496604660212,0.8950526960307259,0.8093753617675757
2022-07-14,1.099488552411024,0.8970792985310452,0.7948219690078886
2022-07-15,1.1000277086124697,0.9093980196862335,0.7983776274662212
2022-07-18,1.1005671291999422,0.9080071748143691,0.8013958026692245
2022-07-19,1.1011068143030878,0.9294655258076365,0.8123852679974201
2022-07-20,1.1016467640516179,0.9423802886879284,0.8127325648700945
2022-07-21,1.1021869785753058,0.9542221764630339,0.8189012188466436
2022-07-22,1.1027274580039899,0.949095975087275,0.818008169745481
2022-07-25,1.1032682024675713,0.9288694840825329,0.8291299386442191
2022-07-26,1.1038092120960155,0.915954721202241,0.8250119900110804
2022-07-27,1.1043504870193512,0.9205245361212806,0.8387880992938297
2022-07-28,1.104892027367671,0.9171468652874152,0.84837183918501
2022-07-29,1.1054338332711313,0.9318498139779849,0.8530686159392726
2022-08-01,1.1059759048599525,0.9296642265943267,0.8452957811698943
2022-08-02,1.1065182422644189,0.9417842469628248,0.8546976036515785
2022-08-03,1.107060845614878,0.9558911539282909,0.8581126895662097
2022-08-04,1.107623099677149,0.9445658760715866,0.8756181057436287
2022-08-05,1.108185639297013,0.9338367005749529,0.8804141101757984
2022-08-08,1.1087484646194994,0.9226704076015875,0.8963732283725007
2022-08-09,1.1093115757897103,0.9241804608184726,0.8984322026890701
2022-08-10,1.1098749729528223,0.9333995830982212,0.9115385251459474
2022-08-11,1.1104386562540856,0.9488972743005848,0.9072551970496304
2022-08-12,1.111002625838824,0.947109088490307,0.9324424892916797
2022-08-15,1.111566881852435,0.9576793397385687,0.9346585740982685
2022-08-16,1.1121314244403901,0.9663819127348832,0.9386276812145468
2022-08-17,1.1126962537482348,0.9638387003161628,0.9402483999536938
2022-08-18,1.1132613699215883,0.9676137727234086,0.9411166421353796
2022-08-19,1.1138267731061442,0.9543016082697363,0.9219574313261779
2022-08-22,1.1143924634476694,0.9342341021483332,0.9137298030330594
2022-08-23,1.1149584410920053,0.9195708693611149,0.9332115037954587
2022-08-24,1.115524706185067,0.9246970101019067,0.9335505316949742
2022-08-25,1.1160912588728444,0.9358633030752721,0.938793060677725
2022-08-26,1.1166580993014008,0.8980727418295291,0.9285974167727852
2022-08-29,1.117225227616874,0.8861514222477213,0.928795872128599
2022-08-30,1.1177926439654762,0.8895291537165536,0.9131509749119354
2022-08-31,1.1183603484934934,0.8980727418295291,0.9056427472836424
2022-09-01,1.1189283413472861,0.9074111330892655,0.9129359816098037
2022-09-02,1.1194966226732899,0.8883370096313794,0.9167314402897448
2022-09-05,1.120065192618013,0.8861514222477213,0.9278035953495295
2022-09-06,1.12063405132804,0.8940989686355932,0.9076355698149404
2022-09-08,1.1212031989500284,0.9119809480083051,0.9088924537350952
2022-09-09,1.121772635630711,0.9147625771170669,0.928605685745944
2022-09-12,1.1223423615168953,0.915954721202241,0.9377594390328609
2022-09-13,1.1229123767554625,0.8921120820386252,0.9161526121686209
2022-09-14,1.1234826814933692,0.8931055253371092,0.9141101757983694
2022-09-15,1.124053275877646,0.8940989686355932,0.9092066747151338
2022-09-16,1.1246241600553988,0.8911186387401412,0.9036333868060265
2022-09-19,1.1251953341738077,0.8791973191583333,0.9246696545223014
2022-09-20,1.1257667983801278,0.8672759995765253,0.9304000529214282
2022-09-21,1.1263385528216892,0.8557520815680979,0.9255957795160997
2022-09-22,1.1269105976458962,0.8420425155410453,0.9432417682372203
2022-09-23,1.1274829330002287,0.8493940202038135,0.9237766054211388
2022-09-26,1.1280555590322408,0.8597258547620338,0.9022607372616468
2022-09-27,1.1286284758895622,0.8565468240798917,0.896158235070369
2022-09-28,1.1292016837198968,0.8702563294719774,0.8967784080572875
2022-09-29,1.1297751826710245,0.8582555174485,0.8902707261812228
2022-09-30,1.1303489728907996,0.8484005769053296,0.9098929994873237
2022-10-03,1.1309230545271514,0.83107492335437,0.960308928837217
2022-10-04,1.1314974277280847,0.8559507217198211,0.9611027502604726
2022-10-05,1.1320720926416792,0.8563481232932014,0.9691071162783006
2022-10-06,1.13264704941609,0.8533677933977495,0.972108753534986
2022-10-07,1.1332222981995475,0.8293264534474435,0.962301751368515
2022-10-10,1.1337978391403571,0.8197894220359839,0.9587130170175467
2022-10-11,1.1343736723868998,0.82892911250903,0.9495013809185175
2022-10-13,1.1349497980876315,0.8464136903083616,0.9451436320637703
2022-10-14,1.1355262163910842,0.8340949691531733,0.9267203598657119
2022-10-17,1.136102927445865,0.8509835052274012,0.939553806208345
2022-10-18,1.1366799314006562,0.8563481232932014,0.957075760332082
2022-10-19,1.137257228404216,0.8519769485258851,0.9614665850794648
2022-10-20,1.137834818605378,0.8344923707265537,0.9688838540030099
2022-10-21,1.1384127021530512,0.8464136903083616,0.9916896819752923
2022-10-24,1.1389908791962207,0.8803894632435075,0.9593083830849886
2022-10-25,1.139569349883947,0.896880597744355,0.947839317313576
2022-10-26,1.140148114365366,0.9008543709382909,0.9324424892916797
2022-10-27,1.1407271727896902,0.8857540206743408,0.9479633519109597
2022-10-28,1.1413065253062065,0.9016491134500848,0.9471199166487505
2022-10-31,1.141886172064279,0.875183830061046,0.9595068384408024
2022-11-01,1.1424661132133471,0.8636996279559698,0.966882762498553
2022-11-03,1.1430463489029257,0.8331015258546892,0.9666098863843088
2022-11-04,1.1436268792826068,0.83389632900145,0.9770205235913805
2022-11-07,1.1442077045020567,0.8613153397856215,0.9537599020953578
2022-11-08,1.1447888247110194,0.8633022263825895,0.9605239221393488
2022-11-09,1.1453702400593135,0.8543612366962335,0.9391899713893529
2022-11-10,1.145951950696835,0.9288694840825329,0.9077265285196884
2022-11-11,1.146533956773555,0.931531904846274,0.9282170440074752
2022-11-14,1.1471162584395211,0.922908824291629,0.9357252716357682
2022-11-16,1.1476988558448573,0.935028844660127,0.9115964079580597
2022-11-17,1.1482817491397639,0.935028844660127,0.9071311624522467
2022-11-18,1.148864938474517,0.9338367005749529,0.9003257975424612
2022-11-21,1.1494484239994696,0.9195310928227967,0.9075032662443978
2022-11-22,1.1500322058650505,0.9413868453894444,0.9016240263284105
2022-11-23,1.150616284221765,0.9447645768582768,0.8986968098301553
2022-11-24,1.1512006592201955,0.9516391875059953,0.9247275373344138
2022-11-25,1.1517853310110004,0.9537055665446327,0.9011278879388758
2022-11-28,1.1523702997449141,0.9326445564897787,0.8995154381728877
2022-11-29,1.1529555655727488,0.9139678346052731,0.9171118130550548
2022-11-30,1.1535411286453918,0.9268825974855649,0.9301437147535019
2022-12-01,1.1541269891138084,0.927876040784049,0.9172441166255975
2022-12-02,1.1547131471290395,0.9316511131912947,0.9254965518381927
2022-12-05,1.1552996028422033,0.925889154187081,0.9046339325582549
2022-12-06,1.155886356404495,0.9040334016204331,0.9057254370152314
2022-12-07,1.1564734079671855,0.8976753402561488,0.9043031736318984
2022-12-08,1.157060757681624,0.9060202882174011,0.8868060264276382
2022-12-09,1.1576484056992353,0.903834700833743,0.8904774505101957
2022-12-12,1.158236352171522,0.9246572941985555,0.8704251905998314
2022-12-13,1.1588245972500628,0.9296642265943267,0.8590801594258025
2022-12-14,1.159413141086514,0.9246572941985555,0.8583442208146592
2022-12-15,1.1600019838326092,0.9056228866440207,0.8578067375593299
2022-12-16,1.160591125640158,0.8934631503721714,0.8502571650652422
2022-12-19,1.1611805666610482,0.8846811455691543,0.8643557643011891
2022-12-20,1.161770307047244,0.8697794960918944,0.8846064795673674
2022-12-21,1.1623603469507873,0.8824160657438267,0.8873683166024443
2022-12-22,1.1629506865237964,0.8742301026659134,0.88740139249508
2022-12-23,1.1635413259184682,0.8686668444483897,0.9070898175864521
2022-12-26,1.1641322652870756,0.8702563294719774,0.8991516033538955
2022-12-27,1.1647235047819697,0.882972391565579,0.8959184348487604
2022-12-28,1.1653150445555782,0.8742301026659134,0.9115467941191063
2022-12-29,1.1659068847604073,0.8940989686355932,0.9098433856483702
2022-12-30,1.1664990255490395,0.8940989686355932,0.9098433856483702
2023-01-02,1.1670914670741352,0.9040334016204331,0.8796202887525427
2023-01-03,1.167684209488433,0.915954721202241,0.8613458580713447
2023-01-04,1.1682772529447478,0.921915380993145,0.8710040187209552
2023-01-05,1.1688705975959734,0.8936221352555103,0.8890634561000215
2023-01-06,1.1694642435950806,0.8921120820386252,0.899961962723469
2023-01-09,1.1700581910951176,0.895887154445871,0.9031951312286041
2023-01-10,1.1706524402492111,0.8960858552325611,0.9171283510013727
2023-01-11,1.1712469912105647,0.8988674843413229,0.9241652471596077
2023-01-12,1.171841844132461,0.8911186387401412,0.9251079100997238
2023-01-13,1.1724369991682588,0.8935029269104896,0.9171614268940083
2023-01-16,1.1730324564713965,0.9060202882174011,0.9030793656043793
2023-01-17,1.1736282161953893,0.8940989686355932,0.9214860998561198
2023-01-18,1.1742242784938306,0.8921120820386252,0.9298625696660988
2023-01-19,1.174820643520392,0.8841645356507533,0.9344435807961368
2023-01-20,1.1754173114288233,0.9064176897907815,0.928613954719103
2023-01-23,1.1760142823729518,0.9161534219889312,0.9237187226090264
2023-01-24,1.1766115565066835,0.9044308031938135,0.9346254982056328
2023-01-25,1.177209133984002,0.892906824550419,0.9442753898820845
2023-01-26,1.1778070149589699,0.901847814236775,0.9435642581904179
2023-01-27,1.1784051995857272,0.9122193646983465,0.9302760183240445
2023-01-30,1.1790036880184926,0.9020465150234651,0.9251988688044719
2023-01-31,1.1796024804115635,0.9068150307291949,0.938793060677725
2023-02-01,1.1802015769193148,0.9139678346052731,0.9286304926654209
2023-02-02,1.1808009776962007,0.919610585264466,0.9090495642251145
2023-02-03,1.1814006828967532,0.9497317933506968,0.8971008980104851
2023-02-06,1.1820006926755826,0.9262865557604614,0.896819752923082
2023-02-07,1.1826010071873787,0.9514007708159539,0.8923875833099045
2023-02-08,1.1832016265869092,0.9366183296837147,0.9086113086476921
2023-02-09,1.1838025510290202,0.9378104737688888,0.8912547339871335
2023-02-10,1.184403780668637,0.917941607799209,0.8942894471364546
2023-02-13,1.185005315660763,0.9358235871719208,0.9000446524550582
2023-02-14,1.1856071561604808,0.9397973603658568,0.8902293813154283
2023-02-15,1.1862093023229516,0.9537055665446327,0.9049729604577703
2023-02-16,1.1868117543034153,0.9356248863852307,0.9088014950303471
2023-02-17,1.1874145122571909,0.925889154187081,0.9038235731886815
2023-02-22,1.188017576339676,0.9060202882174011,0.8860370119238593
2023-02-23,1.1886209467063475,0.9060202882174011,0.8907337886781219
2023-02-24,1.1892246235127608,0.9099940614113371,0.8754609952536094
2023-02-27,1.1898286069145505,0.9103516864463992,0.8741214216018655
2023-02-28,1.1904328970674303,0.9111862054965112,0.8676798915110722
2023-03-01,1.1910374941271928,0.9002583292131874,0.8631567631931467
2023-03-02,1.1916423982497102,0.9080468907177204,0.8543999206178576
2023-03-03,1.1922476095909333,0.9243791009701958,0.8588651661236708
2023-03-06,1.1928531283068924,0.919928494396177,0.8657614897382043
2023-03-07,1.1934589545536969,0.9115835464349247,0.8618585344071973
2023-03-08,1.1940650884875357,0.901847814236775,0.8809764003506044
2023-03-09,1.1946715302646769,0.8885357104180696,0.868829278780161
2023-03-10,1.1952782800414676,0.8861514222477213,0.8568144607802604
2023-03-13,1.195885337974335,0.89322473368213,0.8527047811202805
2023-03-14,1.1964927042197855,0.9040334016204331,0.8511419451932459
2023-03-15,1.1971003789344048,0.9048281441322269,0.8490168190914053
2023-03-16,1.197708362274858,0.9128551829617684,0.8553012386921792
2023-03-17,1.1983166543978903,0.8980727418295291,0.8432864206922784
2023-03-20,1.1989252554603258,0.910987504709821,0.8345295781169895
2023-03-21,1.199534165619069,0.9223127825665254,0.8351497511039079
2023-03-22,1.2001433850311036,0.9048679206705451,0.8287247589594324
2023-03-23,1.2007529138534934,0.915954721202241,0.8097474655597268
2023-03-24,1.2013627522433812,0.9163918386789727,0.8172143483222254
2023-03-27,1.2019729003579906,0.9088019173261629,0.8241685547488713
2023-03-28,1.2025833583546244,0.9002583292131874,0.8366960490846247
2023-03-29,1.2031941263906656,0.9055434548373182,0.8417235847652439
2023-03-30,1.203805204623577,0.9052255457056073,0.8576000132303571
2023-03-31,1.2044165932109012,0.912974391306789,0.8424595233763871
2023-04-03,1.205028292310261,0.9167494637140349,0.8393503894686358
2023-04-04,1.2056403020793596,0.9130935996518098,0.8423520267253213
2023-04-05,1.2062526226759798,0.9046294433455367,0.8349843716407297
2023-04-06,1.2068652542579845,0.9060600041207524,0.8336944118279392
2023-04-10,1.207478196983317,0.9099940614113371,0.8421701093158251
2023-04-11,1.208091451010001,0.9006556701516008,0.8782807151007987
2023-04-12,1.20870501649614,0.8839658348640631,0.8838705409562241
2023-04-13,1.209318893599918,0.8940989686355932,0.8802983445515736
2023-04-14,1.2099330824795995,0.8901251954416572,0.8788181983561282
2023-04-17,1.2105475832935293,0.8985098593062608,0.876643458415334
2023-04-18,1.2111623962001323,0.905026844918917,0.8778589974696942
2023-04-19,1.2117775213579143,0.925889154187081,0.8592538078621397
2023-04-20,1.2123929589254618,0.9166302553690141,0.8630079216762863
2023-04-24,1.2130087090614408,0.915954721202241,0.8595349529495427
2023-04-25,1.213624771924599,0.9079674589110178,0.8535234094630129
2023-04-26,1.2142411476737642,0.9020465150234651,0.8460151818347198
2023-04-27,1.2148578364678448,0.9040334016204331,0.8510675244348157
2023-04-28,1.21547483846583,0.912974391306789,0.8635454049316156
2023-05-02,1.2160921538267901,0.9123783495816854,0.8428316271685382
2023-05-03,1.2167097827098758,0.8964434802676233,0.8417566606578795
2023-05-04,1.2173277252743187,0.888933051356483,0.8448740635387898
2023-05-05,1.217945981679431,0.8964832568059415,0.8694659897133974
2023-05-08,1.2185645520846065,0.9095966598379567,0.8768584517174657
2023-05-09,1.2191834366493193,0.901847814236775,0.8857227909438206
2023-05-10,1.2198026355331246,0.896880597744355,0.8884846279788976
2023-05-11,1.2204221488956593,0.8940989686355932,0.8951659582912994
2023-05-12,1.2210419768966405,0.8901251954416572,0.8968859047083533
2023-05-15,1.2216621196958668,0.8881383088446893,0.9015578745431392
2023-05-16,1.222282577453218,0.8921120820386252,0.8946532819554468
2023-05-17,1.222903350328655,0.9008543709382909,0.9051218019746308
2023-05-18,1.22352443848222,0.9160739295472617,0.9104800965816064
2023-05-19,1.2241458420740363,0.9198887784928257,0.9157474324838342
2023-05-22,1.224767561264309,0.9151599786904472,0.9113483387632924
2023-05-23,1.2253895962133239,0.9052255457056073,0.908999950386161
2023-05-24,1.2260119470814488,0.8953706051624368,0.8996642796897482
2023-05-25,1.2266346140291324,0.917941607799209,0.9100335720310252
2023-05-26,1.2272575972169055,0.9203258959695574,0.9170787371624192
2023-05-29,1.22788089680538,0.9274389233073173,0.9123406155423619
2023-05-30,1.2285045129552497,0.929862927381017,0.9010451982072866
2023-05-31,1.2291284458272895,0.9268825974855649,0.8958192071708535
2023-06-01,1.2297526955823561,0.9274786392106685,0.9142590173152298
2023-06-02,1.2303772623813884,0.929862927381017,0.9307390808209437
2023-06-05,1.2310021463854068,0.9241009683768031,0.9318801991168737
2023-06-06,1.231627347755513,0.9238625516867617,0.9477070137430333
2023-06-07,1.2322528666528911,0.9213193392680413,0.9549671721765591
2023-06-09,1.2328787032388067,0.9196900777061355,0.9676269700828551
2023-06-12,1.2335048576746077,0.924736786640225,0.9702482345742306
2023-06-13,1.2341313301217234,0.9302603289543973,0.965344733490995
2023-06-14,1.2347581207416658,0.921915380993145,0.9845783650586271
2023-06-15,1.2353852296960282,0.9338367005749529,0.9858352489787818
2023-06-16,1.2360126571464862,0.9338367005749529,0.982006714406205
2023-06-19,1.2366404032547977,0.9254917526137005,0.9911025848810094
2023-06-20,1.2372684681828028,0.9227101235049388,0.989151107215506
2023-06-21,1.2378968520924234,0.9142460278336327,0.9957497477963186
2023-06-22,1.2385255551456642,0.9183390093725894,0.9834620536821738
2023-06-23,1.2391545775046116,0.9117822472216148,0.9838176195280071
2023-06-26,1.2397839193314346,0.9060202882174011,0.9777481932293648
2023-06-27,1.2404135807883847,0.9219948734348145,0.9717945325549473
2023-06-28,1.2410435620377955,0.9328035413731176,0.9648320571551424
2023-06-29,1.2416738632420832,0.9338367005749529,0.9789058494716126
2023-06-30,1.2423044845637465,0.9348301438734369,0.9764582334165743
2023-07-03,1.2429354261653667,0.9417047545211553,0.9895728248466106
2023-07-04,1.2435666882096077,0.9461554217301412,0.9846362478707394
2023-07-05,1.2441982708592156,0.9469103877036168,0.9885474721749054
2023-07-06,1.2448301742770196,0.9572819381651884,0.9709924421585328
2023-07-07,1.2454623986259317,0.9437711335597928,0.9831643706484529
2023-07-10,1.2460949440689457,0.9483807250171506,0.975259232308532
2023-07-11,1.2467278107691395,0.9481423083271091,0.9692890336877966
2023-07-12,1.247360998889673,0.9483409484788324,0.972976995716672
2023-07-13,1.2479945085937891,0.9501291949240771,0.9861908148246151
2023-07-14,1.2486283400448137,0.9491357516255932,0.973349099508823
2023-07-17,1.2492624934061556,0.9551758432231996,0.9775497378735508
2023-07-18,1.2498969688413069,0.9632425979560922,0.9744240660194817
2023-07-19,1.250531766513842,0.9607391620756901,0.9720343327765558
2023-07-20,1.251166886587419,0.9581959496569697,0.9764251575239387
2023-07-21,1.251802329225779,0.9532684490679011,0.9940711462450593
2023-07-24,1.2524380945927462,0.948937050838903,1.0033737410488366
2023-07-25,1.253074182852228,0.9560898547149811,1.0088808771726727
2023-07-26,1.253710594168215,0.9515199791609745,1.0134453503563927
2023-07-27,1.254347328704781,0.9495330925640065,0.992194089337986
2023-07-28,1.2549843866260837,0.9545003090564266,0.9938230770502919
2023-07-31,1.2556217680963633,0.9529903164745084,1.0083433939173434
2023-08-01,1.256259473279944,0.9642360412545763,1.0025964575718986
2023-08-02,1.2568975023412334,0.9545003090564266,0.9993798270130815
2023-08-03,1.2575138471694567,0.9725809892158286,0.9971223973406982
2023-08-04,1.2581304942346931,0.9604609688473305,0.9882084442753899
2023-08-07,1.2587474436851511,0.9735347166109614,0.987150015711049
2023-08-08,1.2593646956691111,0.9694019585336864,0.9847520134949642
2023-08-09,1.2599822503349265,0.9656268861264407,0.9791208427737443
2023-08-10,1.2606001078310232,0.9597854346805574,0.9786329733573684
2023-08-11,1.2612182683059003,0.9646334428279566,0.9762763160070782
2023-08-14,1.2618367319081296,0.9803298348170103,0.9658987546926423
2023-08-15,1.2624554987863554,0.9745678758127966,0.9606148808440967
2023-08-16,1.2630745690892955,0.9655871702230894,0.9558271453850861
2023-08-17,1.26369394296574,0.9584740822503625,0.950783071758149
2023-08-18,1.264313620564552,0.9564077032117251,0.9543139232970049
2023-08-21,1.2649336020346682,0.9644347420412664,0.9462103296012702
2023-08-22,1.2655538875250982,0.9544605931530753,0.9604908462467131
2023-08-23,1.266174477184924,0.9483409484788324,0.9768551441282022
2023-08-24,1.2667953711633013,0.940989504451031,0.9676848528949675
2023-08-25,1.2674165696094588,0.9471488650286252,0.9578530438090198
2023-08-28,1.2680380726726983,0.9526724073427975,0.9684704053450642
2023-08-29,1.2686598805023948,0.961057071207401,0.9790794979079498
2023-08-30,1.2692819932479968,0.969004617595273,0.9718937602328542
2023-08-31,1.269904411059026,0.9841049072242561,0.957067491358923
2023-09-01,1.270527134085077,0.9807272363903907,0.9748540526237451
2023-09-04,1.2711501624758184,0.9812835622121431,0.9738948517373113
2023-09-05,1.2717734963809917,0.9858931536695009,0.970206889708436
2023-09-06,1.2723971359504123,0.9793761680568446,0.9590768518365389
2023-09-08,1.2730210813339684,0.9789390505801129,0.9535201018737494
2023-09-11,1.2736453326816222,0.9731770309409322,0.9665023897332429
2023-09-12,1.2742698901434095,0.974965277386177,0.9754742256106637
2023-09-13,1.2748947538694393,0.9660242876998211,0.9771941720277176
2023-09-14,1.2755199240098942,0.9676137727234086,0.9872492433889559
2023-09-15,1.276145400715031,0.9566858964400847,0.982006714406205
2023-09-18,1.2767711841351799,0.9533081649712524,0.9781202970215158
2023-09-19,1.2773972744207442,0.9529108240328389,0.9744654108852763
2023-09-20,1.278023671722202,0.9470693725869557,0.9814857690971935
2023-09-21,1.2786279085339551,0.9399960611525471,0.960399887541965
2023-09-22,1.2792324310228307,0.9398768528075263,0.9592753071923529
2023-09-25,1.279837239323894,0.9505265358624906,0.9585807134470041
2023-09-26,1.2804423335722737,0.9376117729821987,0.9442588519357666
2023-09-27,1.281047713903163,0.9503278350758004,0.945366894339061
2023-09-28,1.2816533804518193,0.9516789640443135,0.956976532654175
2023-09-29,1.2822593333535632,0.9488972743005848,0.9638728562687086
2023-10-02,1.2828655727437792,0.9568845972267749,0.9514032447450675
2023-10-03,1.2834720987579167,0.9602622680606403,0.9378586667107679
2023-10-04,1.2840789115314883,0.9677726969717806,0.9394132336646436
2023-10-05,1.284686011200071,0.9688059168085829,0.9367423553343146
2023-10-06,1.2852933978993062,0.9803298348170103,0.9440686655531116
2023-10-09,1.2859010717648989,0.9803298348170103,0.9522218730877999
2023-10-10,1.2865090329326183,0.9707530268672326,0.9652951196520416
2023-10-11,1.2871172815382985,0.9747665765994867,0.9678915772239404
2023-10-13,1.2877258177178368,0.9697993601070668,0.95716671903683
2023-10-16,1.2883346416071955,0.9703954018321704,0.9636165181007822
2023-10-17,1.2889437533424009,0.969998060893757,0.9584401409033027
2023-10-18,1.2895531530595434,0.9620107379675669,0.9431590785056312
2023-10-19,1.2901628408947783,0.9520763049827269,0.942696016008732
2023-10-20,1.2907728169843249,0.9344725188383747,0.9356756577968148
2023-10-23,1.2913830814644667,0.9322472155513652,0.9326161377280169
2023-10-24,1.2919936344715521,0.9348301438734369,0.940694924504275
2023-10-25,1.292604476141994,0.9227101235049388,0.932988241520168
2023-10-26,1.293215606612269,0.9099940614113371,0.9490879322605719
2023-10-27,1.293827026018919,0.9099543455079858,0.9368829278780161
2023-10-30,1.2944387344985506,0.9259686466287504,0.9305240875188119
2023-10-31,1.295050732187834,0.929862927381017,0.9355846990920668
2023-11-01,1.295663019223505,0.9274786392106685,0.9513701688524319
2023-11-03,1.2962527143334441,0.9417047545211553,0.977061868457175
2023-11-06,1.2968426778313187,0.9388039170673729,0.9797658226801396
2023-11-07,1.29743290983928,0.9409100120093615,0.9862238907172507
2023-11-08,1.2980234104795352,0.9465527626685546,0.9848264342533944
2023-11-09,1.2986141798743467,0.9455593193700707,0.984107033588569
2023-11-10,1.299205218146033,0.9543016082697363,0.9975358459986439
2023-11-13,1.2997965254169677,0.9552950515682204,0.9953859129773265
2023-11-14,1.3003881018095806,0.9646334428279566,1.019795921742438
2023-11-16,1.300979947446357,0.9682098144485123,1.0301156002447616
2023-11-17,1.3015720624498384,0.9769521639831449,1.0341343211999934
2023-11-20,1.3021644469426212,0.9723822884291384,1.0426761704731506
2023-11-21,1.3027571010473582,0.9782237398750216,1.038640911571601
2023-11-22,1.303350024886758,0.9852970513094303,1.0421800320836159
2023-11-23,1.3039432185835846,0.9835088654991525,1.046653546562588
2023-11-24,1.3045366822606588,0.9858931536695009,1.0381034283162718
2023-11-27,1.305130416040856,0.9815219789021845,1.0392693535316784
2023-11-28,1.3057244200471085,0.9775879216115998,1.046339325582549
2023-11-29,1.3063186944024046,0.9835088654991525,1.042725784312104
2023-11-30,1.3069132392297877,0.9922511543988183,1.0528966212975672
2023-12-01,1.3075080546523585,0.9890721237166761,1.0592802685762481
2023-12-04,1.3081031407932724,0.9968210299528247,1.048530603469661
2023-12-05,1.3086984977757417,0.9924498551855084,1.0493575007855525
2023-12-06,1.3092941257230342,0.9843036080109463,1.0387732151421436
2023-12-07,1.3098900247584744,0.9914564118870245,1.041973307754643
2023-12-08,1.3104861950054427,1.0007948031467608,1.050936874658905
2023-12-11,1.3110826365873756,1.0063580613642844,1.0494649974366184
2023-12-12,1.3116793496277657,1.016888536074228,1.0452230142060959
2023-12-13,1.3122763342501615,1.0212597108415442,1.070542610018688
2023-12-14,1.3128503107959995,1.023246597438512,1.0819289860585113
2023-12-15,1.3134245383934386,1.0294058973811393,1.0765954983710122
2023-12-18,1.3139990171522866,1.0244386808887194,1.0839300775629683
2023-12-19,1.314573747182399,1.022054513988305,1.0902723799758547
2023-12-20,1.3151487285936794,1.018080740794369,1.0816147650784727
2023-12-21,1.315723961496079,1.0204649076947834,1.093009410091455
2023-12-22,1.3162994459995978,1.0182793809460922,1.0977309937651942
2023-12-26,1.3168751822142837,1.0178819793727119,1.1041807928291465
2023-12-27,1.3174511702502325,1.0181203960627534,1.109646584087188
2023-12-28,1.3180274102175884,1.023683654280277,1.1095721633287579
2023-12-29,1.3186039022265434,1.023683654280277,1.1095721633287579
2024-01-02,1.3191806463873383,1.0292072572294162,1.0972679312682951
2024-01-03,1.319757642810262,1.0216571124149245,1.0984007805910663
2024-01-04,1.320334891605651,1.012914762880292,1.0851042717515338
2024-01-05,1.3209123928838906,1.009139690473046,1.0916946433591876
2024-01-08,1.321490146755414,1.0216967676833089,1.0950353085153886
2024-01-09,1.3220681533307037,1.0286112155043126,1.0869317148196538
2024-01-10,1.322646412720289,1.030319908872921,1.0819207170853524
2024-01-11,1.323224925034749,1.026028287182241,1.080333074238841
2024-01-12,1.32380369038471,1.0231671656318098,1.0831362561397126
2024-01-15,1.3243827088808475,1.0256705408772449,1.0875436188334133
2024-01-16,1.3249619806338853,1.034293682066857,1.0691286156085138
2024-01-17,1.3255415057545947,1.0292072572294162,1.0627615062761506
2024-01-18,1.3261212843537968,1.0372342354239905,1.0527725867001836
2024-01-19,1.3267013165423605,1.0507848165677043,1.0554186581110359
2024-01-22,1.327281602431203,1.0662428525016836,1.0468685398647195
2024-01-23,1.3278621421312906,1.0629048975711695,1.0606033042816743
2024-01-24,1.3284429357536376,1.0584145144588324,1.0569070732796402
2024-01-25,1.3290239834093072,1.0613152912776478,1.0598260208047365
2024-01-26,1.3296052852094107,1.0603218479791638,1.066424661385549
2024-01-29,1.3301868412651086,1.0749056489596798,1.0625878578398134
2024-01-30,1.3307686516876094,1.073435372281113,1.0534837183918502
2024-01-31,1.3313507165881713,1.0594873895640189,1.0563778589974697
2024-02-01,1.3319093114083302,1.0627856892261487,1.0624059404303174
2024-02-02,1.3324681405981178,1.0848798584828379,1.0516645442968893
2024-02-05,1.3330272042558686,1.0865885518514462,1.0550630922652025
2024-02-06,1.3335865024799585,1.0838466386460357,1.0784064034928142
2024-02-07,1.334146035368804,1.0937412950925574,1.0717250731804124
2024-02-08,1.3347058030208636,1.1013312164453672,1.0602229315163643
2024-02-09,1.3352658055346371,1.0977548448248116,1.058643557643012
2024-02-14,1.3358260430086655,1.096165359801224,1.0503084326988275
2024-02-15,1.3363865155415304,1.1035168644639923,1.0568078456017331
2024-02-16,1.3369472232318564,1.098152246398192,1.064431838854251
2024-02-19,1.3375081661783077,1.0995430912700563,1.0669952205335143
2024-02-20,1.3380693444795912,1.082058392200791,1.0742719169133577
2024-02-21,1.3386307582344545,1.088019051991695,1.0752311177997915
2024-02-22,1.339192407541687,1.1138485777522789,1.0769593331900045
2024-02-23,1.3397542925001191,1.1213988438367042,1.070162237253378
2024-02-26,1.3403164132086236,1.1143255324022956,1.0717333421535713
2024-02-27,1.3408787697661135,1.1055037510609604,1.0889328063241106
2024-02-28,1.3414413622715444,1.1124578541503483,1.0762482014983379
2024-02-29,1.3420041908239129,1.1170276690693879,1.0668629169629715
2024-03-01,1.3425672555222568,1.1235445940470772,1.0681859526683977
2024-03-04,1.3431305564656564,1.1219551090234896,1.0612482841880695
2024-03-05,1.3436940937532327,1.1121001078453523,1.0592389237104536
2024-03-06,1.344257867484149,1.1143255324022956,1.065787950452313
2024-03-07,1.3448218777576093,1.1230677606669943,1.0612400152149106
2024-03-08,1.3453861246728602,1.1275581437793314,1.05074668827625
2024-03-11,1.345950608329189,1.1255712571823635,1.042915970694759
2024-03-12,1.3465153288259257,1.137452800225853,1.055683265252121
2024-03-13,1.3470802862624414,1.134790440097079,1.0584781781798336
2024-03-14,1.3476454807381484,1.1355056901672034,1.055865182661617
2024-03-15,1.3482109123525017,1.130141072101403,1.0480261961069675
2024-03-18,1.3487765812049974,1.1444466798535593,1.049779218416657
2024-03-19,1.3493424873951738,1.1504867714511657,1.054533877983032
2024-03-20,1.3499086310226103,1.1474270097490114,1.0677311591446574
2024-03-21,1.3504508623215192,1.1496125364977026,1.0597433310731474
2024-03-22,1.3509933114238966,1.154857946218482,1.0503828534572577
2024-03-25,1.3515359784172292,1.1457579716487873,1.049589032034002
2024-03-26,1.3520788633890397,1.1444466798535593,1.0490267418591959
2024-03-27,1.3526219664268857,1.155016931101821,1.055873451634776
2024-03-28,1.35316528761836,1.1627260607996515,1.059305075495725
2024-04-01,1.3537088270510904,1.1710710087609038,1.050076901450378
2024-04-02,1.3542525848127402,1.163123462373032,1.0546992574462104
2024-04-03,1.3547965609910078,1.16014313247758,1.0527891246465013
2024-04-04,1.3553407556736266,1.1484602295858135,1.0536987116939818
2024-04-05,1.3558851689483657,1.1635605192147966,1.0484644516843897
2024-04-08,1.356429800903029,1.1563679994353673,1.0655150743380688
2024-04-09,1.3569746516254555,1.153189029388192,1.074056923611226
2024-04-10,1.3575197212035206,1.1563679994353673,1.0588750888914615
2024-04-11,1.3580650097251334,1.1686867205905556,1.0534341045528965
2024-04-12,1.35861051727824,1.1607391742026836,1.0414440934724727
2024-04-15,1.35915624395082,1.1585535261840585,1.0363834818992177
2024-04-16,1.3597021898308903,1.1754818387966044,1.0285693022640447
2024-04-17,1.3602483550065017,1.1619312576528908,1.0267666661154018
2024-04-18,1.3607947395657405,1.1615338560795103,1.0269733904443745
2024-04-19,1.3613413435967292,1.1404729066596233,1.034646997535846
2024-04-22,1.3618881671876253,1.1455991080353822,1.038359766484198
2024-04-23,1.3624352104266213,1.151202142791224,1.03484545289166
2024-04-24,1.3629824734019453,1.1513213511362448,1.0314799808159822
2024-04-25,1.3635299562018615,1.1544208893767174,1.0306944283658854
2024-04-26,1.3640776589146686,1.1515994230946704,1.0462400979046422
2024-04-29,1.3646255816287012,1.156169359283644,1.0530702697339045
2024-04-30,1.3651737244323299,1.1563679994353673,1.0412621760629766
2024-05-02,1.36572208741396,1.1444466798535593,1.0511684059073545
2024-05-03,1.3662706706620322,1.150367563106145,1.062637471678767
2024-05-06,1.3668194742650237,1.1607391742026836,1.0622819058329336
2024-05-07,1.3673684983114465,1.1613352159277872,1.068434021863165
2024-05-08,1.3679177428898481,1.1659050308468268,1.0706749135892304
2024-05-09,1.3684549241874808,1.1853764952431263,1.0599831312947559
2024-05-10,1.3689923164362092,1.1895490298587192,1.055120975077315
2024-05-13,1.3695299197188735,1.1885555865602353,1.0597102551805118
2024-05-14,1.370067734118347,1.1893502684370623,1.0626870855177204
2024-05-15,1.3706057597175352,1.2048480809093596,1.0586600955893297
2024-05-16,1.3711439965993761,1.2026624328907345,1.0607769527180115
2024-05-17,1.3716824448468405,1.1966621178314463,1.059677179287876
2024-05-20,1.3722211045429318,1.1988874211184557,1.0563695900243109
2024-05-21,1.3727599757706859,1.204410902797661,1.0535664081234393
2024-05-22,1.3732990586131708,1.2104509943952675,1.0389964774174343
2024-05-23,1.3738383531534881,1.201072947867147,1.0313807531380754
2024-05-24,1.3743778594747715,1.210212577705226,1.027882977491855
2024-05-27,1.3749175776601872,1.2164514307244896,1.0294540823920486
2024-05-28,1.3754575077929345,1.2104509943952675,1.0235334976102668
2024-05-29,1.3759976499562445,1.2137890705957155,1.014660889410753
2024-05-31,1.3765380042333824,1.2247169468790395,1.009625084756975
2024-06-03,1.3770785707076447,1.2239221437322787,1.0090793325284866
2024-06-04,1.3776193494623614,1.2370355467642937,1.0071774687019366
2024-06-05,1.378160340580895,1.2540432911835424,1.003911224304166
2024-06-06,1.378701544146641,1.2433936081285781,1.0162485322572643
2024-06-07,1.3792429602430272,1.2598053108227232,0.9986190814824615
2024-06-10,1.3797845889535147,1.2716074220595104,0.9985611986703491
2024-06-11,1.3803264303615965,1.2736737404631808,1.0057965501843982
2024-06-12,1.3808684845507992,1.2954500612231261,0.9917475647874047
2024-06-13,1.381410751604682,1.2902842045789829,0.9887045826649247
2024-06-14,1.3819532316068373,1.2929863412460751,0.9894818661418625
2024-06-17,1.3824959246408892,1.3117425555722504,0.9851489242065921
2024-06-18,1.3830388307904955,1.3190145071583823,0.9892172590007773
2024-06-19,1.383581950139347,1.322273030282194,0.9944349810640515
2024-06-20,1.3841252827711663,1.3219948370538344,0.9959647410984503
2024-06-21,1.3846688287697104,1.3147228854677024,1.0033654720756777
2024-06-24,1.3852125882187682,1.299423834417062,1.014082061289629
2024-06-25,1.3857565612021616,1.3192927003867418,1.0115517555030016
2024-06-26,1.3863007478037457,1.3358236114259077,1.0141151371822648
2024-06-27,1.386845148107408,1.3361812364609698,1.027899515438173
2024-06-28,1.3873897621970697,1.3504072911364897,1.0245836572014486
2024-07-01,1.3879345901566844,1.3705543503345292,1.0312897944333272
2024-07-02,1.3884796320702386,1.3789390748340997,1.0318603535812922
2024-07-03,1.3890248880217524,1.3590304323261015,1.0390957050953413
2024-07-04,1.3895703580952785,1.3428174910536137,1.0432467296211156
2024-07-05,1.3901160423749024,1.345162002685644,1.0440984338564836
2024-07-08,1.390661940944743,1.3497715941430017,1.0464220153141384
2024-07-09,1.3912080538889517,1.336062028115949,1.0510526402831297
2024-07-10,1.3917543812917137,1.3496920410663653,1.0519622273306102
2024-07-11,1.392300923237247,1.3451222261473257,1.0608596424496006
2024-07-12,1.392847679809802,1.3505662760198287,1.0658458332644252
2024-07-15,1.3933946510936632,1.3568051290390921,1.0693518778838045
2024-07-16,1.3939418371731476,1.3620505387598718,1.0676071245472738
2024-07-17,1.3944892381326053,1.3562487425823728,1.0704185754213043
2024-07-18,1.3950368540564198,1.3705543503345292,1.0555509616815784
2024-07-19,1.3955846850290077,1.3660243119538078,1.0552532786478575
2024-07-22,1.3961327311348184,1.372024627013096,1.0572709080986322
2024-07-23,1.3966809924583348,1.3729386385048776,1.0467693121868127
2024-07-24,1.3972294690840732,1.3610173189230697,1.045388393669274
2024-07-25,1.3977781610965825,1.3506854843648493,1.0415102452577438
2024-07-26,1.398327068580445,1.3665805771405932,1.0542279259761522
2024-07-29,1.3988761916202765,1.3600238756245857,1.049779218416657
2024-07-30,1.3994255303007255,1.3490959993412617,1.043040005292143
2024-07-31,1.3999750847064745,1.3816809880395102,1.0555509616815784
2024-08-01,1.4005248549222387,1.3808861848927494,1.0534258355797377
2024-08-02,1.4010748410327665,1.3500100108330433,1.0406833479418527
2024-08-05,1.4016250431228399,1.3192927003867418,1.0358542676170472
2024-08-06,1.402175461277274,1.3102325023553654,1.0440984338564836
2024-08-07,1.4027260955809178,1.2946950346146835,1.0544098433856484
2024-08-08,1.4032769461186523,1.3142062755493014,1.0638943555989218
2024-08-09,1.403828012975393,1.3030002060376178,1.0800519291514379
2024-08-12,1.4043792962360884,1.3012120808623069,1.0841946847040536
2024-08-13,1.40493079598572,1.3109477524254896,1.0947955082937801
2024-08-14,1.4054825123093035,1.3212398104453917,1.1024029635999801
2024-08-15,1.4060344452918871,1.346473294480872,1.1093075561876726
2024-08-16,1.4065865950185532,1.344526184422222,1.10765376155589
2024-08-19,1.4071389615744168,1.3434531880471017,1.1227446375709065
2024-08-20,1.4076915450446268,1.3597060271278416,1.1252997502770106
2024-08-21,1.4082443455143656,1.3639976488185217,1.1284171531579208
2024-08-22,1.408797363068849,1.380131158284307,1.117741908809764
2024-08-23,1.4093505977933263,1.368885433504239,1.1213389121338913
2024-08-26,1.4099040497730797,1.3665805771405932,1.131931466750459
2024-08-27,1.4104577190934253,1.3732564870016215,1.1309970727835017
2024-08-28,1.4110116058397133,1.3771110518505367,1.1356938495377644
2024-08-29,1.4115657100973265,1.3951917926449058,1.1249193775117006
2024-08-30,1.4121200319516813,1.4100934421221656,1.1246134255048208
2024-09-02,1.4126745714882287,1.4087025972503013,1.1161542659632526
2024-09-03,1.413229328792452,1.381998836536254,1.1109613508194554
2024-09-04,1.4137843039498685,1.3788992982957815,1.1254982056328244
2024-09-05,1.4143394970460297,1.360580262081305,1.1287313741379597
2024-09-06,1.4148949081665194,1.3429366993986345,1.1127722559412572
2024-09-09,1.4154505373969564,1.3528711323834743,1.1141366365124779
2024-09-10,1.416006384822992,1.3767137715470903,1.110688474705211
2024-09-11,1.4165624505303118,1.3895093260823614,1.113640498122943
2024-09-12,1.417118734604635,1.3940393644630829,1.1082822035159674
2024-09-13,1.417675237131714,1.3898271745791053,1.1153356376205203
2024-09-16,1.4182319581973355,1.3779058549972976,1.1172871152860238
2024-09-17,1.4187888978873195,1.3715477936330132,1.1159806175269156
2024-09-18,1.4193460562875198,1.3596264740512052,1.1059586220583129
2024-09-19,1.4199161792114092,1.375004956908548,1.1007905138339922
2024-09-20,1.4204865311422747,1.3969004860135141,1.0837729670729488
2024-09-23,1.4210571121721038,1.40321877083948,1.079663287412969
2024-09-24,1.4216279223929211,1.3899066063858079,1.092794416789323
2024-09-25,1.4221989618967878,1.3880389281338608,1.0880811020887426
2024-09-26,1.4227702307758026,1.3853367914667682,1.099856119867035
2024-09-27,1.4233417291221004,1.380965616699452,1.0975408073825392
2024-09-30,1.423913457027854,1.3900258147308286,1.0899829659152926
2024-10-01,1.424485414585273,1.38128358646613,1.0955975986901947
2024-10-02,1.4250576018866035,1.376515010125433,1.104031951312286
2024-10-03,1.4256300190241293,1.3820782683429567,1.0887922337804092
2024-10-04,1.426202666090171,1.3901450230758494,1.0897845105594788
2024-10-07,1.4267755431770859,1.3851381513150451,1.091653298493393
2024-10-08,1.4273486503772692,1.4090602222853634,1.087469198074983
2024-10-09,1.4279219877831526,1.4343334828591618,1.0746522896786677
2024-10-10,1.4284955554872052,1.4299623080918455,1.0778854581838027
2024-10-11,1.429069353581933,1.4466520827444163,1.0749003588734352
2024-10-14,1.42964338215988,1.4498311740615253,1.083276828683414
2024-10-15,1.430217641313626,1.459050356976241,1.0835910496634529
2024-10-16,1.4307921311357887,1.466322308562373,1.0894372136868045
2024-10-17,1.4313668517190234,1.4651302251121656,1.0815238063737245
2024-10-18,1.4319418031560218,1.4804291548928719,1.079092728265004
2024-10-21,1.4325169855395135,1.476813128003932,1.0779598789422329
2024-10-22,1.4330923989622648,1.4782436281441806,1.0726594671473697
2024-10-23,1.43366804351708,1.4623883119067551,1.06862420824582
2024-10-24,1.4342439192968,1.45757995902774,1.0755205318603536
2024-10-25,1.434820026394303,1.4680310019309812,1.0740817305307027
2024-10-28,1.435396364902505,1.473475051803484,1.084996775100468
2024-10-29,1.435972934914359,1.4923504744746798,1.0810028610647129
2024-10-30,1.4365497365228552,1.484601689508465,1.080250384507252
2024-10-31,1.4371267698210217,1.4646532704621489,1.0725933153620983
2024-11-01,1.4377040349019234,1.4902443795326912,1.0594291100931086
2024-11-04,1.4382815318586628,1.4666005017907324,1.0792250318355467
2024-11-05,1.4388592607843798,1.472481608505,1.0804323019167479
2024-11-06,1.4394372217722515,1.4911583910244726,1.0777862305058958
2024-11-07,1.4400411664473907,1.5088417302454613,1.072336977194172
2024-11-08,1.4406453645195971,1.5267237096181732,1.057022838903865
2024-11-11,1.4412498160951888,1.533677812707561,1.057386673722857
2024-11-12,1.4418545212805278,1.5278363612616779,1.0559313344468884
2024-11-13,1.4424594801820216,1.5416650143638173,1.0562290174806093
2024-11-14,1.4430646929061215,1.5297436947820093,1.0567086179238263
2024-11-18,1.4436701595593242,1.5042717940564878,1.0565101625680122
2024-11-19,1.4442758802481706,1.516590515211676,1.060057552053186
2024-11-21,1.4448818550792464,1.5350685363094916,1.0495146112755718
2024-11-22,1.4454880841591822,1.5386450291999811,1.0677394281178163
2024-11-25,1.4460945675946528,1.5448043291426081,1.0669952205335143
2024-11-26,1.4467013054923787,1.5543413605540677,1.074321530752311
2024-11-27,1.4473082979591243,1.5795748445895479,1.05569153422528
2024-11-28,1.447915545101699,1.599483487097546,1.0303967453321647
2024-11-29,1.4485230470269572,1.600834555431092,1.0391453189342947
2024-12-02,1.4491308038417985,1.6292470095137477,1.0355731225296443
2024-12-03,1.4497388156531665,1.625670637893192,1.043040005292143
2024-12-04,1.4503470825680502,1.6340155858544443,1.0426100186878793
2024-12-05,1.4509556046934835,1.622054489734318,1.0572543701523145
2024-12-06,1.4515643821365447,1.6446254923710903,1.0414440934724727
2024-12-09,1.4521734150043577,1.6365985141765158,1.0518960755453388
2024-12-10,1.4527827034040914,1.623206917916141,1.0603138902211124
2024-12-11,1.4533922474429588,1.609775545117448,1.0716010385830288
2024-12-12,1.4540537298565375,1.6129545151646234,1.0422379148957281
2024-12-13,1.454715513330607,1.6278561646418832,1.0304132832784825
2024-12-16,1.4553775980021892,1.6556329217310506,1.0217143235153059
2024-12-17,1.456039984008368,1.6411683290955554,1.031124414970149
2024-12-18,1.4567026714862896,1.6407312722537908,0.998660426348256
2024-12-19,1.457365660573163,1.5988476688341242,1.0021003191823639
2024-12-20,1.4580289514062597,1.6032188436014405,1.0096581606496104
2024-12-23,1.458692544122913,1.6431552156925235,0.9986190814824615
2024-12-24,1.4593564388605196,1.6431552156925235,0.9986190814824615
2024-12-26,1.4600206357565384,1.65785822501806,1.0011907321348834
2024-12-27,1.4606851349484902,1.6407709275221751,0.9945011328493227
2024-12-30,1.461349936573959,1.6201073796756684,0.9946168984735475
2024-12-31,1.4620150407705919,1.6201073796756684,0.9946168984735475
2025-01-02,1.462680447676098,1.6020266388812994,0.9933104007144393
2025-01-03,1.4633461574282487,1.6318299378358192,0.9801461954454496
2025-01-06,1.464012170164879,1.6217762965059586,0.9924586964790713
2025-01-07,1.464678486023886,1.6023048321096591,1.0018935948533911
2025-01-08,1.46534510514323,1.6045699119349868,0.9891759141349827
2025-01-09,1.4660120276609339,1.5901848723761278,0.9904658739477732
2025-01-10,1.466679253715083,1.581760371338239,0.9828170737757785
2025-01-13,1.4673467834438263,1.5811643296131355,0.9840656887227744
2025-01-14,1.468014616985375,1.5720643550434408,0.9864802288851771
2025-01-15,1.4686827544780032,1.5889926676559867,1.014189557940695
2025-01-16,1.469351196060049,1.5979734338806608,1.0024806919476739
2025-01-17,1.4700199418699118,1.6173256899319397,1.011708865993021
2025-01-20,1.4706889920460549,1.6146632085332318,1.0133047778126911
2025-01-21,1.4713583467270048,1.6204650047107305,1.0198786114740273
2025-01-22,1.4720280060513506,1.6061196204202561,1.016852167297865
2025-01-23,1.4726979701577447,1.6100139618074896,1.0128086394231564
2025-01-24,1.4733682391849028,1.6030598587181015,1.0125109563894357
2025-01-27,1.474038813271603,1.576594514694096,1.0324805265682107
2025-01-28,1.4747096925566872,1.5813630910347927,1.0258157342021268
2025-01-29,1.4753808771790604,1.5660640399841523,1.020655894950965
2025-01-30,1.4761043596998027,1.5831909927484218,1.0494401905171415
2025-01-31,1.4768281969946688,1.5662626801358757,1.0430069293995072
2025-02-03,1.4775523892376292,1.5492947122549452,1.0416425488282866
2025-02-04,1.47827693660274,1.541943207592177,1.034837183918501
2025-02-05,1.479001839264142,1.5612954636434557,1.0380372765310004
2025-02-06,1.4797270973960621,1.5587125353213842,1.0437511369838093
2025-02-07,1.4804527111728123,1.5553348038525519,1.030471166090595
2025-02-10,1.4811786807687901,1.5587125353213842,1.038351497511039
2025-02-11,1.4819050063584789,1.5563282471510358,1.0462070220120065
2025-02-12,1.482631688116447,1.5477846590380602,1.0284948815056145
2025-02-13,1.4833587262173489,1.5652692368373917,1.0323812988903038
2025-02-14,1.484086120835924,1.544287719224207,1.0602394694626822
2025-02-17,1.4848138721469986,1.5543413605540677,1.0656143020159756
2025-02-18,1.4855419803254835,1.5473476021962955,1.062827658061422
2025-02-19,1.4862704455463756,1.5605007817666288,1.052714703888071
2025-02-20,1.4869992679847583,1.551400807196934,1.0551292440504738
2025-02-21,1.4877284478158,1.5312935245372128,1.051218019746308
2025-02-24,1.4884579852147555,1.5388436693517042,1.036937503100865
2025-02-25,1.4891878803569654,1.5219551332774763,1.0417252385598756
2025-02-26,1.4899181334178562,1.5373733926731374,1.0317115120644318
2025-02-27,1.4906487445729404,1.5239420198744444,1.0319595812591993
2025-02-28,1.4913797139978167,1.5605007817666288,1.015421634941373
2025-03-05,1.49211104186817,1.4967216492419961,1.0174723402847834
2025-03-06,1.492842728359771,1.4730777715000376,1.0200439909372054
2025-03-07,1.493574773648477,1.4857937729586723,1.0339110589247027
2025-03-10,1.494307177910231,1.4621498952167136,1.0296442687747036
2025-03-11,1.495039941321063,1.442479669398757,1.0212760679378834
2025-03-12,1.4957730640570888,1.4464932191310111,1.0242280913556154
2025-03-13,1.4965065462945106,1.4257897734762524,1.0388889807663684
2025-03-14,1.4972403882096172,1.438505896204821,1.06634197165396
2025-03-17,1.4979745899787837,1.4349295245842655,1.08186283427324
2025-03-18,1.4987091517784716,1.4184383900834179,1.0871632460681033
2025-03-19,1.4994440737852295,1.4261871750496327,1.0957050953412606
2025-03-20,1.5002317467516297,1.4273793797697738,1.0911323531843815
2025-03-21,1.5010198334905156,1.4410888245268927,1.0943572527163576
2025-03-24,1.5018083342192465,1.4742698549502449,1.0858898242016306
2025-03-25,1.5025972491552952,1.4649314636905084,1.0920667471513388
2025-03-26,1.503386578516249,1.4561892354258097,1.0958043230191674
2025-03-27,1.5041763225198095,1.4549970307056685,1.1010055071361238
2025-03-28,1.5049664813837924,1.4299623080918455,1.0906940976069592
2025-03-31,1.5057570553261281,1.425392493172806,1.0771164436800238
2025-04-01,1.5065480445648614,1.424597690026045,1.0844510228719797
2025-04-02,1.5073394493181518,1.4433141278139021,1.084806588717813
2025-04-03,1.508131269804273,1.350447067674808,1.0844014090330263
2025-04-04,1.508923506241614,1.3184184654332787,1.0522764483106488
2025-04-07,1.5097161588486778,1.3286310916464783,1.0384838010815818
2025-04-08,1.5105092278440826,1.3288297317982014,1.0247903815304216
2025-04-09,1.5113027134465615,1.4150606586145855,1.0567416938164618
2025-04-10,1.512096615874962,1.3808861848927494,1.0448261034944681
2025-04-11,1.5128909353482471,1.3967812776684934,1.0557990308763459
2025-04-14,1.513685672085495,1.408503957098578,1.07045165131394
2025-04-15,1.514480826305898,1.4136698137427213,1.068723435923727
2025-04-16,1.5152763982287647,1.376515010125433,1.0610498288322556
2025-04-17,1.5160723880735183,1.3659845354154896,1.0720723700530868
2025-04-22,1.5168687960596972,1.3481025560427777,1.0788033142044422
2025-04-23,1.5176656224069554,1.3665805771405932,1.0932905551788579
2025-04-24,1.518462867335062,1.3872442462570338,1.1128384077265285
2025-04-25,1.5192605310639016,1.396383876095113,1.1141531744587958
2025-04-28,1.5200586138134748,1.3878402879821374,1.1164436800238147
2025-04-29,1.520857115803897,1.3932049060479377,1.117080390957051
2025-04-30,1.5216560372554,1.4081065555251977,1.1168653976549192
2025-05-02,1.5224553783883306,1.4305583498169492,1.1174194188565665
2025-05-05,1.5232551394231517,1.4307569899686723,1.1038334959564722
2025-05-06,1.5240553205804421,1.4247963301777684,1.104040220285445
2025-05-07,1.5248559220808962,1.4398569645383672,1.1030644814526933
2025-05-08,1.5256834003955728,1.4287701033717044,1.126498751385053
2025-05-09,1.5265113277496314,1.4230082050024575,1.1288140638695487
2025-05-12,1.527339704386748,1.4790384312909415,1.1292357815006533
2025-05-13,1.5281685305507307,1.4700974416045856,1.1490813170820449
2025-05-14,1.5289978064855192,1.4780449879924575,1.1446160715762317
2025-05-15,1.5298275324351869,1.4971190508153767,1.1521491061240015
2025-05-16,1.5306577086439384,1.5034771121796608,1.1509335670696412
2025-05-19,1.531488335356111,1.5002583655941675,1.1546463360179933
2025-05-20,1.5323194128161755,1.5002980208625518,1.158565829295318
2025-05-21,1.5331509412687343,1.469501278609548,1.1401342881241008
2025-05-22,1.5339829209585232,1.473475051803484,1.1351067524434815
2025-05-23,1.5348153521304104,1.4599642471980885,1.1396629566540426
2025-05-26,1.5356482350293976,1.4774091697290357,1.1422428762796235
2025-05-27,1.536481569900619,1.4901649477259886,1.1538607835678965
2025-05-28,1.5373153569893412,1.497516452388757,1.1484611440951262
2025-05-29,1.538149596540965,1.4927478760480601,1.145533927596871
2025-05-30,1.5389842888010241,1.5052652373549718,1.133072585046389
2025-06-02,1.539819434015185,1.5018876271560733,1.1310880314882499
2025-06-03,1.5406550324292478,1.4985495509556253,1.1373641821158649
2025-06-04,1.5414910842891458,1.500496782284209,1.132865860717416
2025-06-05,1.542327589840946,1.477647586419077,1.1265318272776887
2025-06-06,1.5431645493308492,1.4889728642757813,1.1254237848743942
2025-06-09,1.544001963005189,1.4879794209772974,1.1220913886913524
2025-06-10,1.5448398311104337,1.4989072972606214,1.1281856219094712
2025-06-11,1.5456781538931839,1.4869859776788135,1.1339077513354392
2025-06-12,1.5465169316001757,1.4919531941712334,1.1394645012982287
2025-06-13,1.5473561644782778,1.4769719916173372,1.1346106140539467
2025-06-16,1.5481958527744937,1.475461938400452,1.1515041262176062
2025-06-17,1.5490359967359602,1.4667197101357532,1.1480642333834985
2025-06-18,1.549876596609949,1.4671171117091335,1.1470471496849521
2025-06-20,1.5507310590764263,1.4693026384578247,1.1338085236575322
2025-06-23,1.5515859926166058,1.4772501848456967,1.1291365538227462
2025-06-24,1.5524413974901954,1.498509895687241,1.134213703342319
2025-06-25,1.5532972739570459,1.5080469270987005,1.1226536788661583
2025-06-26,1.5541536222771513,1.5040731539047645,1.1337919857112144
2025-06-27,1.555010442710649,1.5100338136956686,1.131741280367804
2025-06-30,1.55586773551782,1.501490225582693,1.1481882679808821
2025-07-01,1.5567255009590886,1.509437771970565,1.1539269353531678
2025-07-02,1.5575837392950223,1.5050665972032484,1.1498089867200292
2025-07-03,1.5584424507863333,1.5110272569941525,1.165329849339309
2025-07-04,1.5593016356938765,1.5076495255253202,1.1698777845767112
2025-07-07,1.560161294278651,1.5209616899789924,1.153439065936792
2025-07-08,1.5610214268018,1.5104312152690489,1.1518927679560753
2025-07-09,1.56188203352461,1.5364593811813558,1.1368266988605356
2025-07-10,1.5627431147085127,1.5517584322319962,1.1307241966692576
2025-07-11,1.5636046706150828,1.5450029692943315,1.126126647592902
2025-07-14,1.5644667015060398,1.5577190920229,1.1187837994277872
2025-07-15,1.5653292076432472,1.5453607155993276,1.1183786197430003
2025-07-16,1.5661921892887132,1.552553235378757,1.1205368217374767
2025-07-17,1.56705564670459,1.5576396602161977,1.1209833462880578
2025-07-18,1.567919580153175,1.5667792900542767,1.1029321778821506
2025-07-21,1.5687839898969094,1.5642361382705234,1.1094233218118974
2025-07-22,1.5696488761983798,1.5636003200071016,1.1083400863280797
2025-07-23,1.5705142393203166,1.5647924034573089,1.1193543585757522
2025-07-24,1.5713800795255966,1.5655872066040695,1.1064547604478476
2025-07-25,1.57224639707724,1.5827538146367233,1.1041063720707163
2025-07-28,1.573113192238413,1.5911385391362938,1.0925711545140324
2025-07-29,1.573980465272426,1.580250439391288,1.0975077314899035
2025-07-30,1.5748482164427355,1.5835088412451657,1.1079597135627697
2025-07-31,1.5757164460129427,1.5816015077248342,1.1003605272297285
2025-08-01,1.5765851542467941,1.5410291961003955,1.0951179982469776
2025-08-04,1.5774543414081823,1.5549374022791713,1.0995336299138374
2025-08-05,1.578324007761144,1.5469898558912996,1.1010220450824417
2025-08-06,1.5791941535698628,1.5450029692943315,1.1124911108538542
2025-08-07,1.5800647790986677,1.533479051285904,1.1289463674400912
2025-08-08,1.5809358846120327,1.5511623905068925,1.1238609489473597
2025-08-11,1.5818074703745781,1.5479436439213992,1.121462946731275
2025-08-12,1.5826795366510706,1.5492947122549452,1.1404071642383449
2025-08-13,1.5835520837064219,1.557520451871177,1.1302611341723585
2025-08-14,1.5844251118056902,1.561692865216836,1.1275241040567583
2025-08-15,1.5852986212140798,1.5533479172555837,1.1274000694593744
2025-08-18,1.5861726121969415,1.5638783919655272,1.1355119321282683
2025-08-19,1.587047085019772,1.573614184798644,1.1116145996990094
2025-08-20,1.5879220399482143,1.5597854104265707,1.113557808391354
2025-08-21,1.5887974772480584,1.5580369405196441,1.1122678485785635
2025-08-22,1.5896733971852401,1.5660640399841523,1.1408536887889262
2025-08-25,1.5905498000258427,1.5555335652742088,1.1413250202589842
2025-08-26,1.591426686036095,1.566183248329173,1.1392247010766203
2025-08-27,1.592304055482374,1.566660081709256,1.1510906775596605
2025-08-28,1.5931819086312018,1.568646968306224,1.1663303950915376
2025-08-29,1.5940602457492494,1.5650705966856684,1.1694147220798121
2025-09-01,1.5949390671033337,1.5692430100313277,1.1669588370516149
2025-09-02,1.5958183729604185,1.5684483281545007,1.1604263482560735
2025-09-03,1.5966981635876154,1.5702364533298117,1.1565316618982255
2025-09-04,1.597578439252183,1.5813630910347927,1.1658673325946385
2025-09-05,1.5984592002215274,1.5664614415575329,1.1794863313873682
2025-09-08,1.5993404467632018,1.5722233399267795,1.17247424214861
2025-09-09,1.6002221791449067,1.5809656894614124,1.1710354408189592
2025-09-10,1.6011043976344912,1.577230332957518,1.1770800601981246
2025-09-11,1.6019871024999512,1.5859329059538323,1.183711776671573
2025-09-12,1.6028702940094306,1.5740115863720243,1.1764433492648882
2025-09-15,1.603753972431221,1.5716272982016761,1.1869862900425026
2025-09-16,1.6046381380337624,1.5622094751352371,1.1912448112193428
2025-09-17,1.6055227910856418,1.5614146719884765,1.2039128780987978
2025-09-18,1.6064079318555955,1.5742102265237476,1.2031355946218598
2025-09-19,1.607293560612507,1.581760371338239,1.2061537698248632
2025-09-22,1.6081796776254085,1.595152088868548,1.1999024261167248
2025-09-23,1.60906628316348,1.569282786569646,1.2107843947938546
2025-09-24,1.6099533774960513,1.575601071395612,1.2113384159955016
2025-09-25,1.6108409608925989,1.5807272727713708,1.2015314138290307
2025-09-26,1.6117290336227486,1.582555174485,1.2026973390444375
2025-09-29,1.6126175959562754,1.581561731186516,1.21005672515587
2025-09-30,1.6135066481631022,1.5887144744276271,1.209229827839979
2025-10-01,1.6143961905133009,1.5952712972135685,1.2032761671655614
2025-10-02,1.615286223277093,1.6006357940094351,1.1903186862255446
2025-10-03,1.616176746724848,1.5990463089858475,1.1923941984884316
2025-10-06,1.617067761127085,1.5974568239622597,1.1874906974051962
2025-10-07,1.617959266754472,1.6043314952449452,1.168868969851324
2025-10-08,1.6188512638778265,1.6113252536027176,1.1753931896737064
2025-10-09,1.619743752768115,1.6163322466334558,1.1717796484032612
2025-10-10,1.6206367336964538,1.6103715868425517,1.1632791439958985
2025-10-13,1.621530206934108,1.6220942662726363,1.1723998213901798
2025-10-14,1.622424172752493,1.6227697398044425,1.1715729240742885
2025-10-15,1.6233186314231733,1.6269024978817175,1.1791886483536473
2025-10-16,1.6242135832178635,1.6093781435440677,1.1758479831974464
2025-10-17,1.6251090284084273,1.6092191586607287,1.1857624820149835
2025-10-20,1.6260049672668793,1.6143453600364877,1.1949410422213769
2025-10-21,1.6269014000653832,1.6206636448624538,1.1914349976019978
2025-10-22,1.6277983270762533,1.6147427616098682,1.1979509484512214
2025-10-23,1.6286957485719538,1.6205046599791149,1.2049630376899796
2025-10-24,1.629593664825099,1.635922919374776,1.2086923445846496
2025-10-27,1.630492076108454,1.6483608488749848,1.2152827161923032
2025-10-28,1.6313909826949335,1.6493145156351507,1.2190864438454032
2025-10-29,1.6322903848576034,1.648718473910047,1.2290422875287348
2025-10-30,1.6331902828696794,1.6391814424985875,1.230257826583095
2025-10-31,1.6340906770045283,1.6424796208907835,1.2365422461838689
2025-11-03,1.6349915675356679,1.638585400773484,1.2441000876511155
2025-11-04,1.635892954736766,1.6330221425559603,1.2461673309408439
2025-11-05,1.636794838881642,1.6252732363198117,1.2675839714224288
2025-11-06,1.6376972202442661,1.6069938553737193,1.2679560752145798
2025-11-07,1.638600099098759,1.6030200821797833,1.2739510807547918
2025-11-10,1.6395034757193934,1.61772309150532,1.2838159657333752
2025-11-11,1.6404073503805925,1.6123584734395198,1.3044222468453868
2025-11-12,1.641311723356931,1.619511216680631,1.303463045958953
2025-11-13,1.642216594923135,1.5954699373652919,1.2995683596011047
2025-11-14,1.6431219653540823,1.5938804523417043,1.3043395571137977
2025-11-17,1.6440278349248019,1.5883171941241807,1.2981709031372484
2025-11-18,1.6449342039104744,1.5742102265237476,1.2942762167794004
2025-11-19,1.6458410725864323,1.5823565343332766,1.2848413184050804
2025-11-21,1.6467484412281603,1.5962249639737345,1.2797889758049845
2025-11-24,1.647656310111294,1.6141467198847645,1.2839896141697125
2025-11-25,1.6485646795116216,1.6278561646418832,1.2892156052061454
2025-11-26,1.6494735497050832,1.6238823914479472,1.3110870392114706
2025-11-27,1.6503829209677712,1.6308364945373353,1.3089122992706765
2025-11-28,1.65129279357593,1.6335784077427458,1.3153620983346288
2025-12-01,1.6522031678059566,1.6322273394091995,1.31155010170837
2025-12-02,1.6522031678059566,1.6299622595838719,1.3234342957729008
